id,username,created_at,lng,lat,text
1517616693010391046,AdamLake,Fri Apr 22 21:29:50 +0000 2022,-77.0143985,38.898602999999994,So excited that Est√©e Lauder Companies is joining us as our headline partner for #ClimateWeekNYC this year. We‚Äôve w‚Ä¶ https://t.co/8x7I30BSA7
1517616693316448256,MaryvaleFB,Fri Apr 22 21:29:50 +0000 2022,-112.12467649999999,33.5528625,@JP_Bcast @browne_football @DEdgeFootball @hsfootballfan23 @EpicSportsTV If you ready to watch Maryvale turn the ti‚Ä¶ https://t.co/wLtQAPEPIC
1517616693589286914,Diana071037,Fri Apr 22 21:29:50 +0000 2022,-90.375446,38.699745,@BaddCompani Family values. üòè
1517616694197460996,DereonDee,Fri Apr 22 21:29:50 +0000 2022,-76.4449685,39.387716,Update: that nap was lovely.
1517616694339985420,MadisonWrestler,Fri Apr 22 21:29:50 +0000 2022,-81.226445,41.57151,@wrestledragons I maybe able to help.
1517616694444892161,dogparkgal,Fri Apr 22 21:29:50 +0000 2022,-81.3417295,28.600185500000002,"Regardless of Sporkfoot's (thank you again @H_MitchellPhoto) ""testimony"" today, please remember that it's @EarthDay‚Ä¶ https://t.co/MYewLrDGTo"
1517616693782089728,annmariekungl,Fri Apr 22 21:29:50 +0000 2022,-79.6748465,44.371263,@Jedi_Lehman is in the #janicelakingcommunitygarden - #Barrie there‚Äôs something great growing here!‚Ä¶ https://t.co/H0zKuie34B
1517616695204003849,katherinetevy,Fri Apr 22 21:29:50 +0000 2022,-90.71462700000001,29.5821495,"i got my fleetwood mac, i could get high everyday"
1517616695418007552,micmol,Fri Apr 22 21:29:50 +0000 2022,-75.77004099999999,42.746617,Somewhere Spring is not showing up yet #photography #moody #darkphoto https://t.co/l4M03Uu2Qd
1517616695053099009,HESPGCPS,Fri Apr 22 21:29:50 +0000 2022,-76.955799,38.9608415,Students in grades 3-5 who completed a STEM Fair project participated in an incentive award ceremony and assembly!‚Ä¶ https://t.co/TZuSAa1YaD
1517616697997471746,dntbsillynow,Fri Apr 22 21:29:51 +0000 2022,-74.83879,40.24233,"Just posted a photo @ Yardley, Pennsylvania https://t.co/rakrp7VD2k"
1517616698815176704,ashhhhhhole,Fri Apr 22 21:29:51 +0000 2022,-104.852408,38.770861,sometimes u just gotta drive an hour and a half to hang out with some giraffes and that‚Äôs okay https://t.co/DtVwjKOhqr
1517616700073684992,_zacharias,Fri Apr 22 21:29:51 +0000 2022,-93.1056485,44.9415155,"a comedy, in two acts. streaming next month on the criterion channel. https://t.co/6fbCRxuY9d"
1517616700497215489,JustB_510,Fri Apr 22 21:29:52 +0000 2022,-84.266174,30.476215500000002,"@Grinch21188235 They make a ton they just have to spend it, it‚Äôs why you see these insane locker rooms and stand al‚Ä¶ https://t.co/CLrHOkkWZK"
1517616699960397826,Dallasfanindc1,Fri Apr 22 21:29:51 +0000 2022,-77.3490505,39.0414175,@mattfreemanISD Just heard Jacob Hester &amp; Bobby Carpenter on ESPNU radio College Sports Today selling a narrative t‚Ä¶ https://t.co/pEC7Mxhzn8
1517616700312604673,AuthorDelaneyW,Fri Apr 22 21:29:51 +0000 2022,-104.7608605,39.523531000000006,@_Shavionn My left sleeve (finishing it on Aug 9th!) https://t.co/eoAHjR6J4f
1517616702489382912,villamix_,Fri Apr 22 21:29:52 +0000 2022,-123.123581,49.257639,It‚Äôs cruise time! https://t.co/xnEm5Hda4N
1517616703898734592,Oldgriz64,Fri Apr 22 21:29:52 +0000 2022,-110.9155735,32.1893905,"@kathyireland @KamVTV Sick, legalizing murder."
1517616704427204608,DavidRoseTheBar,Fri Apr 22 21:29:52 +0000 2022,-118.308566,33.891035,@ChapUno_ @_CoreyJones @delamomanny Lmaooooooooo idk bout that one yet brother
1517616704657887233,LukeRunyon,Fri Apr 22 21:29:53 +0000 2022,-105.0639425,40.564190499999995,@Clay_Masters @RyanFamuliner Follow up: ‚ÄúYou‚Äôre joking‚Ä¶ right?‚Äù
1517616704683225095,WilliamNazaret,Fri Apr 22 21:29:53 +0000 2022,-97.079654,32.931834,I just had lunch with @elonmusk and he agrees that unless you are willing to register under your name and show your‚Ä¶ https://t.co/mPVCbvgGw9
1517616703664005121,AshleighsWay,Fri Apr 22 21:29:52 +0000 2022,-84.517077,39.0299405,@ScooterMedia Congratulations on 10 years!!! @ShannanB you have done outstanding and your team goes above and beyon‚Ä¶ https://t.co/2Kb1MehCcI
1517616704813256705,sdwildcatsports,Fri Apr 22 21:29:53 +0000 2022,-80.244984,36.087168500000004,Ready for the Mt.Tabor Mile and Throwing Thunder @NCRunners @denton_the @Tabor_City @RunSparta https://t.co/22cnmofGRl
1517616706113343488,jbelleonair,Fri Apr 22 21:29:53 +0000 2022,-106.594555,35.086706,"Bring your gently used or brand new books to @HighandDryBrew, get $1 off every beer you buy &amp; get qualified for tic‚Ä¶ https://t.co/dqA9K1rX0D"
1517616707778527232,TheCurtisJr_,Fri Apr 22 21:29:53 +0000 2022,-73.9685415,40.780709,The way I‚Äôm loving this weather today!!! I‚Äôve been outside ALL day! üòç
1517616709003321350,needmorebotox,Fri Apr 22 21:29:54 +0000 2022,-89.5694915,44.900818,should i go out tonight or save my life
1517616709552816128,JaseTxRi,Fri Apr 22 21:29:54 +0000 2022,-71.319225,41.74099,@UrBetsyJean @anthonyzenkus ‚ù§Ô∏èüôè... I've been battling it for 6 yrs...and another 7 yrs prior that I didn't know about lol.
1517616709619707904,TabbyGGG10,Fri Apr 22 21:29:54 +0000 2022,-123.1224015,44.065621,Ok Dems. Sue in the courts and pack the galleries. We'll All watch.
1517616709888356354,rarekayyy,Fri Apr 22 21:29:54 +0000 2022,-83.8524735,33.603668,princess treatment &amp; NOT A THANG less üíñüíØ
1517616710001602560,lilchoc21,Fri Apr 22 21:29:54 +0000 2022,-75.117998,40.0048655,We really done üòÇ
1517616710341251079,Coach_Hargrove,Fri Apr 22 21:29:54 +0000 2022,-80.926628,33.6311395,@bigDREams_32 You got 4?
1517616711926697985,gregscottbailey,Fri Apr 22 21:29:54 +0000 2022,-84.433106,33.7671945,@7DaystoDie Nice! So now an actual construction loader too? (Even though I dug how one was made from blocks before)‚Ä¶ https://t.co/8xLR4h8gYp
1517616712308379648,TmoneyTalks,Fri Apr 22 21:29:54 +0000 2022,-88.04924650000001,42.1151285,what is tea if not water persevering?
1517616713017221122,pericopapiii,Fri Apr 22 21:29:54 +0000 2022,-95.44648649999999,29.838495,Adams wanted to play in LV. Get your head out of your ass
1517616714753753089,meyercarol,Fri Apr 22 21:29:55 +0000 2022,-71.23244700000001,42.530598499999996,@lisathemadroad My occupational therapist in the hospital mentioned that she only sees people at their worst. Really good point.
1517616715789742082,MackintoshRltrs,Fri Apr 22 21:29:55 +0000 2022,-77.5942,39.7503,Check out our #listing in #Waynesboro #PA  #realestate #realtor https://t.co/4OXMePiUfC https://t.co/jJv2LRp3sO
1517616716309741571,tfas_toronto,Fri Apr 22 21:29:55 +0000 2022,-87.732013,41.8335845,Happy Earth  Day üåé üë£ #EarthDay #malefeet #outdoorgay  #feettops #gaytoronto #gaychicago https://t.co/GqektTfob1
1517616717417127938,RacingNationTV,Fri Apr 22 21:29:56 +0000 2022,-86.1429225,39.7795625,@SeanCiavarella @DLand91 If that ever gets to a point where it‚Äôs a problem in Speedway I will literally go to war f‚Ä¶ https://t.co/RwNmV5ua1k
1517616717723279362,devinthedude07,Fri Apr 22 21:29:56 +0000 2022,-74.0245075,40.7905115,@PontiacMadeDDG Welcome to the club üêíü¶æüòé
1517616718524428293,AshleighsWay,Fri Apr 22 21:29:56 +0000 2022,-84.517077,39.0299405,All smiles as we celebrate our friends @ScooterMedia for their 10 year anniversary party!! @bcooperNKY‚Ä¶ https://t.co/1AAtO9tauF
1517616718700367872,mlconverse07,Fri Apr 22 21:29:56 +0000 2022,-118.39963900000001,34.082496500000005,I'm only doing this cause I'm competitive. https://t.co/7pf1jT2Zzf
1517616719455473664,runnergirl1211,Fri Apr 22 21:29:56 +0000 2022,-71.4356815,42.305097,üëçüëèüôèüèª‚Ä¶ thank you for your service and praying for your continued recovery! ‚ù§Ô∏èüôèüèª
1517616722102173697,GuyOnABuffaloCU,Fri Apr 22 21:29:57 +0000 2022,-97.28591349999999,32.7799665,"@hunley_dylan @WrongWrestling Saudi show is not Canon, therefore didn't happen. üòâ"
1517616722265747456,TrippyMata,Fri Apr 22 21:29:57 +0000 2022,-97.1691565,31.547449,"@sinnosukvnt Don‚Äôt do it, be strong king!!"
1517616722429231108,jwertz77,Fri Apr 22 21:29:57 +0000 2022,-86.13244850000001,39.9632495,@Ultimat23Dragon @AlexanderRossi I retweeted my own tweet earlier that I forgot the Finnish flag. üá´üáÆ Sorry to the Fins out there.
1517616722509025286,30kmillionMIA,Fri Apr 22 21:29:57 +0000 2022,-80.1698025,25.9356415,"lot of action going on in Coconut Creek lately, glad I live in North Miami Beach where it‚Äôs safe"
1517616722244743168,theopenbottleco,Fri Apr 22 21:29:57 +0000 2022,-88.19328999999999,41.43497,"Happy Friday, friends! Stock up for the weekend üçª Shop here ‚û°Ô∏è https://t.co/d0A5aK9Gqj#theopenbottle‚Ä¶ https://t.co/jmFaNQAu7N"
1517616723402264577,BrandenIsMyName,Fri Apr 22 21:29:57 +0000 2022,-116.238001,43.598033,"@disclosetv We will kill everyone without leaving any carbon footprint. There will be no trees, grass, buildings, b‚Ä¶ https://t.co/vXRsHbAOBu"
1517616723775528960,bIacklodge,Fri Apr 22 21:29:57 +0000 2022,-118.13196400000001,34.17731,i am currently looking longingly at houses for sale on zillow because im trying to manifest buying a house next year
1517616724203384832,SharkBratt,Fri Apr 22 21:29:57 +0000 2022,-117.851089,33.842863,ew why does twitter look like that üòµ‚Äçüí´
1517616723771461637,christineyhsd,Fri Apr 22 21:29:57 +0000 2022,-83.804475,27.698681999999998,@Clutter2 Sending you some Florida https://t.co/7UM1KAnHqD
1517616724404846593,lilbit822,Fri Apr 22 21:29:57 +0000 2022,-85.6876845,38.1738735,@ericswalwell Start working for the people and do the right thing. Get bad people out if they aren't doing their jo‚Ä¶ https://t.co/n6MSpesIxm
1517616724970942464,NWSAlbuquerque,Fri Apr 22 21:29:57 +0000 2022,-107.34047542,36.37033709,"A dust storm warning continues until  4:45 PM MDT for US-64 near Dulce, NM; US-64 near Lumberton, NM; US-64, US-84‚Ä¶ https://t.co/k7ZIzigy0m"
1517616726589984773,DatzzzRiiite,Fri Apr 22 21:29:58 +0000 2022,-80.09317999999999,26.4561475,Twins taking 2 out of 3 from the White Sox. Heard it hear first.
1517616727445618689,Lunamis53,Fri Apr 22 21:29:58 +0000 2022,-81.6882255,28.363856499999997,Getting ready to enter the temple tomorrow! Anyone gonna be at IOA? I'm team Darkenon btw if you see me. https://t.co/hYcpjXDZnC
1517616727873527809,andrewgrimes_8,Fri Apr 22 21:29:58 +0000 2022,-84.433106,33.7671945,@bmxer I wish I could block my fyp
1517616729085542402,RageRomano,Fri Apr 22 21:29:58 +0000 2022,-111.931711,34.1682535,The wind is being a real asshole today.
1517616728632705024,WETHEKINDOMQ,Fri Apr 22 21:29:58 +0000 2022,-81.891813,36.028856,ANYONE BEGINNING TO BELIEVE in TRUE PURE FAITHWHITE LIGHT MAGIC ‚ú® üòç YET ???@benfiield @11crowsnest‚Ä¶ https://t.co/w3UqHvTd1w
1517616729102295041,nancycsc,Fri Apr 22 21:29:58 +0000 2022,-122.3306025,47.614817,"Knock KnockWho‚Äôs there?Isabelle.Isabelle who?Isabelle working or should I keep knocking?‚Ä¶ Joking aside, w‚Ä¶ https://t.co/0Y3Z3LuupQ"
1517616731132420099,Railfann132Uprr,Fri Apr 22 21:29:59 +0000 2022,-92.01745199999999,34.2043665,@JEmersonYoung1 Alright
1517616731262488585,everyEarthquake,Fri Apr 22 21:29:59 +0000 2022,-104.3102548,31.6918408,"USGS reports a M2.7 earthquake, 54 km S of Whites City, New Mexico on 4/22/22 @ 21:10:52 UTC https://t.co/UD8n7FU74G #earthquake"
1517616732550008832,ashton_gn,Fri Apr 22 21:29:59 +0000 2022,-117.000831,32.7055765,you gotta show them the peace sign so they know ur cool. üòéüò§‚úåüèª https://t.co/O0gHJ9H52a
1517616733191872512,Jaevyy_,Fri Apr 22 21:29:59 +0000 2022,-76.255686,36.895082,Locked &amp; Loaded üî± https://t.co/eKH7PiaMB3
1517616734051651589,ryanfenwick,Fri Apr 22 21:30:00 +0000 2022,-89.517617,37.305953,Beautiful day to check out the riverboats on the mighty Mississippi with the phone fam. #oppoFindX5Pro #OppoFindN https://t.co/eZut9y8aI9
1517616734232104967,PodcastTa2squid,Fri Apr 22 21:30:00 +0000 2022,-72.8223565,40.80408,@MPWeirdoPodcast My dog of six years  she died with complications of  the heart https://t.co/QZRdMCOmoB
1517616735083450370,saphirec98,Fri Apr 22 21:30:00 +0000 2022,-94.03099750000001,29.9793655,@JessicaMorrey @RiceFootball @RiceOwlsFB Texas will be happy to have you back!
1517616735695818753,halodynemusic,Fri Apr 22 21:30:00 +0000 2022,-79.8395775,32.7645505,"""and I was punished by my heart hurting in a way I couldn't understand"""
1517616735855292419,RyanAssad,Fri Apr 22 21:30:00 +0000 2022,-84.15993506,34.08648216,Just posted a photo @ Laurel Springs Neighborhood https://t.co/v8mUaabEtm
1517616735771275264,iembot_psr,Fri Apr 22 21:30:00 +0000 2022,-119.30660750000001,37.2691755,"At 1:23 PM MST, 9 WSW Westmorland [Imperial Co, CA] PUBLIC reports NON-TSTM WND GST of E40 MPH. CORRECTING PREVIOUS‚Ä¶ https://t.co/AZDBMrJC5T"
1517616736073363456,FtnsDonutInMy__,Fri Apr 22 21:30:00 +0000 2022,-87.732013,41.8335845,There is nothing I love more than a thunder storm and a night at home ü§ç‚õà #cozy #vibes
1517616737268551680,bonnevivante,Fri Apr 22 21:30:00 +0000 2022,-122.32189,47.608403,"‚ÄúThe sweeping legislation, would, among other things, make it harder for hospitals to hire staff that speak languag‚Ä¶ https://t.co/BnKd0xhiYi"
1517616737562243072,AlAboutNothing,Fri Apr 22 21:30:00 +0000 2022,-122.044814,37.592158999999995,Get a mouse and test it
1517616738262728704,RaeTheGoat,Fri Apr 22 21:30:01 +0000 2022,-83.79591450000001,32.0903715,Damn do these kids ever be in school ???
1517616738757758980,HardstockSusan,Fri Apr 22 21:30:01 +0000 2022,-79.42086499999999,38.003375500000004,@LaurenHolly Enjoy you look like you are in the right placeüåçüèûÔ∏è
1517616739244077056,JulianV_804,Fri Apr 22 21:30:01 +0000 2022,-106.4174305,31.793368,@therealjpgreen Julian VenegasC/o 2023CenterHeight:6‚Äô0Weight:310GPA : 3.7DOB: 08-04-2005Hudl :‚Ä¶ https://t.co/xZo51Gnxx3
1517616740179623936,deecee1220,Fri Apr 22 21:30:01 +0000 2022,-93.666378,32.5246725,You're Absolutely Positively Speaking Truth to Power about Democracy
1517616740477411330,BigCuteGod,Fri Apr 22 21:30:01 +0000 2022,-84.6613215,42.7331245,I JUST TOOK THE MOST MAGNIFICENT SHIT LOLüöΩüîû‚ù§Ô∏è
1517616740385148931,dild0sNcupcakes,Fri Apr 22 21:30:01 +0000 2022,-104.9238215,39.620282,That white skin hand tryin to infiltrate &amp; cause devision amongst us.
1517616741177724928,himanshu_ragtah,Fri Apr 22 21:30:01 +0000 2022,-122.27952149999999,37.8758455,". @Allstate has ended up paying close to 12,000USD this month alone to replace my car's catalytic converter stolen‚Ä¶ https://t.co/KHn2bLjCRN"
1517616741978935301,daBull21171,Fri Apr 22 21:30:01 +0000 2022,-85.58748800000001,38.272355000000005,Hey @Chanda_Rubin!  #ChelseaFC I  wanna know too.  üòâüòÇ https://t.co/1KfTWLwmrT
1517616742901637120,moutoncovewx,Fri Apr 22 21:30:02 +0000 2022,-92.218675,29.875016,82.4F (Feels: 85.8F) - Humidity: 68% - Wind: 5.8mph ESE - Gust: 6.8mph - Pressure: 30.126in #weather https://t.co/75yzNJ23Eh
1517616742998188035,PitsimusPrime,Fri Apr 22 21:30:02 +0000 2022,-81.3183475,28.6544085,@BatorInDecatur @tentontunic @vbdude415 Count me in
1517616742884851712,KevinJVales,Fri Apr 22 21:30:02 +0000 2022,-93.1056485,44.9415155,@AppeaseThis @RonFilipkowski @distracted66 I just did mine. https://t.co/3GLWXepie7
1517616743405047809,stevemorris__,Fri Apr 22 21:30:02 +0000 2022,-73.938096,40.708428,Aries szn ‚ù§Ô∏è‚Äçüî•Last night tore ‚ú® https://t.co/1EQYtyuE04
1517616745405681665,HizzyInc,Fri Apr 22 21:30:02 +0000 2022,-95.44648649999999,29.838495,@NessyTheRilla @probablynothing @jeremyfall ü§¶LMAO ... My Old Ass End Up Takin Up To A IHOP ... well this used to be a clubü§¶
1517616745992933376,Dsharp94,Fri Apr 22 21:30:02 +0000 2022,-86.1205405,41.7348625,@GabeFrucci Boo this man @GabeFrucci
1517616746382778368,jonathankoren,Fri Apr 22 21:30:02 +0000 2022,-121.8737305,37.331159,"@Dev14e It is now! üòÜIt actually is a sidewalk, but the camera didn‚Äôt capture the image with enough contrast, and I tried to fix it"
1517616746525601792,OrlandoGoldblum,Fri Apr 22 21:30:02 +0000 2022,-84.433106,33.7671945,Is this even a little bit legal?
1517616747087548422,chukycastroso,Fri Apr 22 21:30:03 +0000 2022,-100.29359149999999,25.6417185,@reyna_magy Obvio üòÇüòÇüòÇüòÇüòÇ
1517616748446556161,anarchosheesh,Fri Apr 22 21:30:03 +0000 2022,-76.62048200000001,39.284712999999996,now what in gods name https://t.co/DPS0fa8E4F
1517616749868376064,kenzybear88,Fri Apr 22 21:30:03 +0000 2022,-104.92209349999999,39.713563,@OuterBasshead @MrMartianDesign @Subtronics that first pic‚Ä¶. i‚Äôm in awe
1517616750438731776,QuakesToday,Fri Apr 22 21:30:03 +0000 2022,-104.31,31.692,"2.7 magnitude #earthquake. 67 km from Mentone, #TX, United States https://t.co/73Vyt6mOsl"
1517616750682001408,MylesMolette,Fri Apr 22 21:30:03 +0000 2022,-117.48098999999999,33.9949115,Ithinkthexantrynatellmesum!!!!!!!
1517616751944605696,mindwarm,Fri Apr 22 21:30:04 +0000 2022,-122.65493234,45.5127898,"I'm at Hawthorne Asylum in Portland, OR https://t.co/WrugKAfHeZ https://t.co/J7oIA71U8j"
1517616751923638274,BexFingers,Fri Apr 22 21:30:04 +0000 2022,-74.4712095,39.4909505,I‚Äôm here for all my friends‚Äô hoe phases
1517616753399971841,DramaMama87,Fri Apr 22 21:30:04 +0000 2022,-79.9049408,43.2639849,Just posted a photo @ AiDa-Academy of Imagination &amp; Dramatic Arts https://t.co/lzurHhE30R
1517616753999638528,DEA_Careers,Fri Apr 22 21:30:04 +0000 2022,-122.4442906,47.2528768,"Want to work at David Evans and Associates, Inc.? We're hiring in #Tacoma, WA! Click for details: https://t.co/Ienr0Q48y2 #CivilEngineering"
1517616756659040258,trayfiskart,Fri Apr 22 21:30:05 +0000 2022,-73.9685415,40.780709,"A HUGE thank you and shoutout to @iremsalcii for illustrating one of my favorite NFTs to date, I knew from the mome‚Ä¶ https://t.co/UjOJbmW18Y"
1517616757921529859,AdamJaksa,Fri Apr 22 21:30:05 +0000 2022,-84.55789899999999,42.712049,@SethTVSports @wilxTV @HallidayMaureen @DarrinRockcole Can‚Äôt beat @QualityDairy donuts! Happy bday brotha!!!
1517616758009462785,phxwardog,Fri Apr 22 21:30:05 +0000 2022,-111.928142,33.392883999999995,The plot twist ü§£ü§£
1517616758525509633,OjoDesigns,Fri Apr 22 21:30:05 +0000 2022,-79.179013,37.400955499999995,"@elonmusk I'm working on an emp for car batteries, imagine getting rid of all those California Highway Patrol speed‚Ä¶ https://t.co/IERZhZXa0C"
1517616758231756800,DoaneMGolf,Fri Apr 22 21:30:05 +0000 2022,-99.6809025,41.500729500000006,So proud of the guys today! Battled very tough conditions again. Full results on Golf Genius app 2122MGPAC. https://t.co/i4rxry7OBA
1517616759792148483,BbcQue,Fri Apr 22 21:30:06 +0000 2022,-83.37718100000001,42.4842785,@TheYummiest313 We can
1517616760136122370,suprabuddha,Fri Apr 22 21:30:06 +0000 2022,-86.6807375,32.576227,The Best-Selling Vehicles in the World By Country https://t.co/HADpA3B9pl
1517616761067036675,envymitty,Fri Apr 22 21:30:06 +0000 2022,-117.81305800000001,34.104390499999994,"Idc how many times I see G Herbo live, I‚Äôm making sure I‚Äôm in the front üò≠"
1517616761226645504,Scottslifeeh,Fri Apr 22 21:30:06 +0000 2022,-80.4764035,43.43024,@SweetCindy2000 @Punchmasterr @BasketWeaver9 Shhhh.I'm risking a tweeter ban just talking of this.
1517616761650229248,TyronePowers18,Fri Apr 22 21:30:06 +0000 2022,-81.5167515,41.0808775,@ChinnaaBlack Remember
1517616761633484802,defrogme,Fri Apr 22 21:30:06 +0000 2022,-78.57027778,43.05666667,"Wind 0 mph -. Barometer 30.46 in, Falling slowly. Temperature 55.1 ¬∞F. Rain today 0.00in. Humidity 49%"
1517616760710705153,ReginaldBenbow,Fri Apr 22 21:30:06 +0000 2022,-76.62048200000001,39.284712999999996,It's a great day to get outdoors #EarthDay https://t.co/nPZuL0zR01
1517616764355497990,BitfactoryG,Fri Apr 22 21:30:07 +0000 2022,-104.9987328,39.7298798,Ulla MeyerOyster Bay IAcrylic on Canvas36 X 48 inches2019Currently on display in the galleryEmail info@bitfac‚Ä¶ https://t.co/6y7D1Ri0Yu
1517616765039259653,MackDavis79,Fri Apr 22 21:30:07 +0000 2022,-84.29198149999999,39.789929,@affirmationbae1 Easiest way to not get Robux.
1517616764967919618,bamakittkat,Fri Apr 22 21:30:07 +0000 2022,-88.16155549999999,30.683649,@profstan72 @TidalTowel @CoachingMSmith @Schultzycast @lesp1968 @bamaclay1 @BamagalBama @DrinkMilos @GALENPRESLEY‚Ä¶ https://t.co/TQLsDzonoR
1517616764577792001,joshsorbe,Fri Apr 22 21:30:07 +0000 2022,-77.0143985,38.898602999999994,"if you read any of these books in your childhood, you definitely listen to call her daddy now https://t.co/g6p58zqbVw"
1517616765769068551,everylotchicago,Fri Apr 22 21:30:07 +0000 2022,-87.66994,41.97002,4836 North Ashland Avenue https://t.co/mnuwBCBGJ2
1517616767878770690,KevinDr_ver,Fri Apr 22 21:30:08 +0000 2022,-77.60468399999999,41.1179365,"@thewildree @AmyEBurdett1 Honestly, I feel like OS is really doing the work for you ladies"
1517616767954300928,olliemoe_,Fri Apr 22 21:30:08 +0000 2022,-95.91364200000001,36.1093915,"folk say I look really fun, I say i‚Äôm mentally unstable üôÉüôÇ"
1517616768721768448,MarquiseDavon,Fri Apr 22 21:30:08 +0000 2022,-75.117998,40.0048655,Look at my fave‚Ä¶ just wow. üëèüèæüëèüèæüëèüèæ
1517616769682268166,princess92477,Fri Apr 22 21:30:08 +0000 2022,-80.256789,26.171188,"I'm at Scuotto Pizza in Sunrise, FL https://t.co/aAidGzXF5m"
1517616770885902336,ggabbbss,Fri Apr 22 21:30:08 +0000 2022,-121.6412685,36.6891495,this bitch is fucken annoying like just stfu üòÇ
1517616771540439040,reeveslawstl,Fri Apr 22 21:30:08 +0000 2022,-90.4540765,38.715947,"@alangura Judge Clark is outstanding, and a great guy as well. Congrats!"
1517616772337307649,HugoThePinkCat,Fri Apr 22 21:30:09 +0000 2022,-73.723025,45.557830499999994,"@Mike_Tzu_ Not if their ""truth"" is pushing trans people under the bus by using their own minority status."
1517616773117272064,store702,Fri Apr 22 21:30:09 +0000 2022,-115.038337,36.006256,Las Vegas new magnet for major sporting events https://t.co/qip4ukIwmL via @reviewjournal
1517616773478068224,iembot_gjt,Fri Apr 22 21:30:09 +0000 2022,-105.5508905,38.997935999999996,"MEEKER,CO (EEO) ASOS reports gust of 57 knots (65.6 mph) from W @ 2113Z -- KEEO 222127Z AUTO 30024G38KT 10SM FEW041‚Ä¶ https://t.co/lHSnSQOZG2"
1517616775051030537,Rockk24,Fri Apr 22 21:30:09 +0000 2022,-76.61518050000001,39.396352,"@livmoods Yeah, sometimes it‚Äôs too much.  Nice to take a break sometimes and decompress"
1517616774740643840,feach23,Fri Apr 22 21:30:09 +0000 2022,-74.15394699999999,40.572376000000006,@ZDOLLA24 @OGV2KGOAT @Boxciii So getting back to this...what does the plane with the building signify when talking‚Ä¶ https://t.co/FGpVoCz0ZH
1517616778217730051,RockGeluk,Fri Apr 22 21:30:10 +0000 2022,-81.958201,42.163990999999996,@Deere_Salesman @andrewdegroot84 Isn‚Äôt sidewall compaction from planting into tacky soil?
1517616778423250947,tng8r,Fri Apr 22 21:30:10 +0000 2022,-86.791549,36.200008,@ChaseOnGame @clayphillips27 @joerexrode @WillyD1025 @dmac_1025 @deemason85 @RStanleyNHL @1025TheGame @E_Campbell3‚Ä¶ https://t.co/SKHPfDCQLm
1517616779933196288,SyversonNoah,Fri Apr 22 21:30:10 +0000 2022,-86.9299805,40.459081499999996,@Ben_Upton5 Get ready to be amazed by The Art of The Bunt‚Ñ¢Ô∏è presentation from the Terriers
1517616780629491712,DerrikMorales,Fri Apr 22 21:30:11 +0000 2022,-81.4256625,28.361774,@valenciagomezx I'll have the 3 of you begging for more
1517616780226842624,emaki63,Fri Apr 22 21:30:11 +0000 2022,-89.237048,48.4023265,@canadapostcorp. No Junk Mail means no flyers also. https://t.co/esJ4uNCyKa
1517616781325656065,rodneyj99,Fri Apr 22 21:30:11 +0000 2022,-77.60468399999999,41.1179365,@kylegriffin1 Alternative reality ?
1517616781396955136,kyraperkins06,Fri Apr 22 21:30:11 +0000 2022,-91.40100849999999,30.937336000000002,‚ÄúPower up‚Äù üò≥ü§Ø
1517616781577232384,KellyBaskinVO,Fri Apr 22 21:30:11 +0000 2022,-118.4119065,34.0207895,What colors come to mind when you think of me? üé®ü§çüíñüíúüíõüíöüß°‚ù§Ô∏èü§éüñ§
1517616782500147200,D_Blanchflower,Fri Apr 22 21:30:11 +0000 2022,-71.566171,44.00123,@stevehouf @brettpalatiello Maybe you should read my many papers on the economics of walking about consumer confide‚Ä¶ https://t.co/BHuuVSEJy8
1517616784022536192,SovColumbia,Fri Apr 22 21:30:11 +0000 2022,-111.931711,34.1682535,"@light_yagami29 Yuki Yuna, hands down.Addresses PTSD, the problematic nature of the CONCEPT of magical girls, disa‚Ä¶ https://t.co/wqoExkR7cx"
1517616784865648647,Reported_NYC,Fri Apr 22 21:30:12 +0000 2022,-73.9792738,40.7528119,TOYOTA Avalon driver T666764C drove recklessly near 32 E 42nd St on April 22 and has been reported to #nyctaxi. Thi‚Ä¶ https://t.co/e37OHmj9PJ
1517616786853740545,WCBLSportsOp,Fri Apr 22 21:30:12 +0000 2022,-85.7682405,37.822244,"@chelseabrooke @scottbrownYSE With all that being said, I wish everyone safety and good luck tonight‚Ä¶but for mine a‚Ä¶ https://t.co/1OPLMZJGIY"
1517616787122139136,awanderfulwoman,Fri Apr 22 21:30:12 +0000 2022,-123.13083649999999,49.1742415,@AYOCali_ Thank you üòä
1517616787315036160,ArtistRuthFlett,Fri Apr 22 21:30:12 +0000 2022,-110.0447835,46.6798,My apartment is clean and it feels amazing.
1517616788045021186,mackette52,Fri Apr 22 21:30:12 +0000 2022,-77.60468399999999,41.1179365,@BarackObama got MERKLED ü§£ü§£ü§£
1517616789437526016,Parth4lyfe,Fri Apr 22 21:30:13 +0000 2022,-75.117998,40.0048655,Ed Sheeran dropping heat #2Step
1517616789533908994,Jan2uary1,Fri Apr 22 21:30:13 +0000 2022,-77.0143985,38.898602999999994,Them other bitches don‚Äôt love like I do and you kno tht .
1517616789215059970,octaiviannn,Fri Apr 22 21:30:13 +0000 2022,-157.799589,21.3199435,@era_cb2 It ain‚Äôt even downloaded for me to be able to skip it https://t.co/rfNsdUeQSQ
1517616789861060609,bestfoodalex,Fri Apr 22 21:30:13 +0000 2022,-87.732013,41.8335845,Just a little news about @blockchain‚Äôs new Asset Management (BCAM) platform using us as their custodian üëÄ‚Ä¶ https://t.co/XFVoXfDkjD
1517616790184022016,KYFarmboy408,Fri Apr 22 21:30:13 +0000 2022,-85.7682405,37.822244,"My 81 yo Dad is running the dozer today, he said, ‚Äú tell your Mom to bring me a sammich, I‚Äôm working til dark.‚Äù"
1517616789831577600,G8rgrrlCheryl,Fri Apr 22 21:30:13 +0000 2022,-122.455344,47.242960499999995,Anyone know what‚Äôs going in at the old Grand China restaurant building on South Tacoma Way? That site has sat empty‚Ä¶ https://t.co/qId1M5ocfO
1517616790603395072,tmj_rdu_labor,Fri Apr 22 21:30:13 +0000 2022,-78.847521,35.6629606,"Want to land a job like ""Dishwasher"" at AMC Theatres? Applicant tracking systems look for specific keywords. Use th‚Ä¶ https://t.co/rgZxyqWb1M"
1517616791308148738,sdillard0811,Fri Apr 22 21:30:13 +0000 2022,-96.347781,30.6658585,Let‚Äôs go!!!
1517616791803080706,melaboyd,Fri Apr 22 21:30:13 +0000 2022,-73.9675,40.7779,"Just posted a photo @ Manhattan, New York https://t.co/0H6qiUgYL6"
1517616792373444608,Reckless_Edit,Fri Apr 22 21:30:13 +0000 2022,-90.24782400000001,38.653771,@agordonreed Such a stimulating lecture! My first in person since COVID hit.
1517616792268644354,indigihunny,Fri Apr 22 21:30:13 +0000 2022,-75.8001415,45.248791,What‚Äôs it like to be an Executive Assistant ?Me: https://t.co/Du3kAdQ7hL
1517616792658751488,stevenamcqueen,Fri Apr 22 21:30:13 +0000 2022,-86.13244850000001,39.9632495,@Fugitivee616 @MarchMadnessMBB @BoilerBall @zach_edey @PurdueSports @B1GMBBall @PurdueOnBTN I don‚Äôt think they make it.
1517616793652707331,kushcobain187,Fri Apr 22 21:30:14 +0000 2022,-76.069946,36.8025415,Feel like doing some dumb shit tonight
1517616793317224451,ch_rehaan,Fri Apr 22 21:30:14 +0000 2022,-73.9685415,40.780709,@iffiViews This happened I think https://t.co/4Q4iv0QMjq
1517616794004967425,amandanap,Fri Apr 22 21:30:14 +0000 2022,-81.46440051,28.42416892,"Unpack. Repack. Continue to slay‚Ä¶ my girl performing her last, first solo. #dancemom weekend off to a great start!‚Ä¶ https://t.co/0kWRe47RuW"
1517616794843951106,stephvalentine_,Fri Apr 22 21:30:14 +0000 2022,-84.4149105,39.3352155,it‚Äôs hard to give a shit about your diet when you don‚Äôt really give a shit about ANYTHIGNG https://t.co/c99hApbfZO
1517616795397541895,soloven_joy,Fri Apr 22 21:30:14 +0000 2022,-84.433106,33.7671945,On god tf
1517616796148240385,iembot_gld,Fri Apr 22 21:30:14 +0000 2022,-99.6809025,41.500729500000006,"At 3:29 PM MDT, Benkelman [Dundy Co, NE] PUBLIC reports WILDFIRE. ONGOING WILDFIRE. https://t.co/aDbXmK2oBA"
1517616796538478601,danielhead,Fri Apr 22 21:30:14 +0000 2022,-73.9487755,40.655138,@deayyygo jk love u
1517616796504772608,tmj_ash_labor,Fri Apr 22 21:30:14 +0000 2022,-82.6927363,35.5360973,"This job is now open at Adecco in Candler, NC. Follow us and turn on mobile alerts to hear about jobs like these as‚Ä¶ https://t.co/vlNvsmjzz3"
1517616796588646400,iembot_pub,Fri Apr 22 21:30:14 +0000 2022,-105.5508905,38.997935999999996,"At 3:07 PM MDT, 2 E Rocky Ford [Otero Co, CO] MESONET reports NON-TSTM WND GST of M50 MPH. MESONET STATION TT568 RO‚Ä¶ https://t.co/OI00JVBSUB"
1517616796991426562,CurlySueChick19,Fri Apr 22 21:30:15 +0000 2022,-73.9685415,40.780709,Trying to make reality better than fantasy.
1517616796383154176,sf_derek,Fri Apr 22 21:30:14 +0000 2022,-118.4119065,34.0207895,Just remember about the person when you talking yo shit!!@ https://t.co/Z1QtFmWV2U
1517616797784047618,tmj_bos_sales,Fri Apr 22 21:30:15 +0000 2022,-71.1522765,42.4792618,"LBP is looking for teammates like you. See our latest #Sales job openings, including ""Inside Sales - Woburn, MA"", v‚Ä¶ https://t.co/YtK6WAdN1F"
1517616798283272192,Hutchman3175,Fri Apr 22 21:30:15 +0000 2022,-79.008801,43.101794,"@DavidSh90961360 @maga935 @MitchTheriac Also, it's 18, not 12."
1517616798019035136,gail_eisenberg,Fri Apr 22 21:30:15 +0000 2022,-87.7290145,42.079288,"Looking forward celebrating @NSuburbanLegal May 5th and support theyr accessible, quality pro-bono legal services i‚Ä¶ https://t.co/ncCl2AJGxZ"
1517616799352770562,levibergovoy,Fri Apr 22 21:30:15 +0000 2022,-87.732013,41.8335845,Omg Lolol #madisoncrwathorn @GOPLeader @AccountableGOP
1517616800443158528,310Jacki,Fri Apr 22 21:30:15 +0000 2022,-118.40899,34.0060125,@77pug3 You should get more than 1
1517616800636313601,Regularbanjo,Fri Apr 22 21:30:15 +0000 2022,-84.51578599999999,33.846765000000005,@TheDanLeyva @welshfarmlife @Haywonderwoman @PreetBharara Saying ‚Äúhe‚Äôs probably paid off‚Äù with no evidence is deepl‚Ä¶ https://t.co/8ssnPpPyji
1517616801689092096,PreacherOfValor,Fri Apr 22 21:30:16 +0000 2022,-73.9685415,40.780709,"@FortniteGame Get rid of both. We dont need the boogie bomb in BR, and we dont need the shaker because we legit have decent movement."
1517616801860898816,tmj_cae_pharm,Fri Apr 22 21:30:16 +0000 2022,-81.07608,33.9776343,"Here at CVS Health, we encourage our employees to bring their ideas to the table. Check out our latest job opening‚Ä¶ https://t.co/HHic82QeU0"
1517616801571430401,LVvisualArts,Fri Apr 22 21:30:16 +0000 2022,-117.9248925,33.8893475,"Here are few more of wall art pieces showing off surface decorations of sponging, sgraffito, wax resist, and inlay.‚Ä¶ https://t.co/pK1PzvMcr8"
1517616804092268544,JAMIEKELLYXXX,Fri Apr 22 21:30:16 +0000 2022,-115.23443549999999,36.0188045,Having proper DSL installed on Tuesday üëÑ
1517616804461355008,steveintech,Fri Apr 22 21:30:16 +0000 2022,-118.4119065,34.0207895,How do you fuck up wings??? Trash smh
1517616807313657857,iPuSHx3x,Fri Apr 22 21:30:17 +0000 2022,-74.184848,40.734494,"@Ronnie2K bro i did your update and my build got deleted, this is the second time this has happened the last time I‚Ä¶ https://t.co/QmkT7NVquJ"
1517616809440120833,33Holyshitnoway,Fri Apr 22 21:30:17 +0000 2022,-83.804475,27.698681999999998,@ransom50 Yes the end of this bullshit game sure.  Beginning of paradise on the horizon with me here üòé
1517616809851199494,ChaddingtonSC,Fri Apr 22 21:30:18 +0000 2022,-80.91805,32.2568125,@DMRees2011 @63GBPackerfan Oof!  I‚Äôll take a petrol car!
1517616811059077123,mjdemarinis,Fri Apr 22 21:30:18 +0000 2022,-96.1488935,41.1654695,"@Wolak22 @__sindelar It‚Äôs the most beautiful thing I‚Äôve ever seen. Trying not to get emotional here, but thank you."
1517616812560633859,prymtym32,Fri Apr 22 21:30:18 +0000 2022,-72.642499,42.1237835,@USANorth811 I wish it was mine
1517616813420466179,fiorioja,Fri Apr 22 21:30:18 +0000 2022,-78.817061,44.522274499999995,@gtconway3d Children don't judge.
1517616814578147339,RxEricWright,Fri Apr 22 21:30:19 +0000 2022,-75.822178,41.270323,"Wow, lots of researxh from @GeisingerCwlth learners and mentor Dr. Brian Piper presented today at PA Pain and Addic‚Ä¶ https://t.co/4OSiXBZvfS"
1517616816583024640,tom_wellborn3,Fri Apr 22 21:30:19 +0000 2022,-75.033939,39.894828000000004,@gtconway3d I agree. He's too pretty to chide.
1517616816712994818,scottsdalemeg,Fri Apr 22 21:30:19 +0000 2022,-73.9685415,40.780709,@AlliCat028 @DickWolfU Dunno if it's him! But not sure who else it could be.
1517616817568727040,uechi10000,Fri Apr 22 21:30:19 +0000 2022,-70.9477915,42.199372999999994,@Acyn Lying sack of poo!!
1517616817388281857,YuriyATL,Fri Apr 22 21:30:19 +0000 2022,-84.433106,33.7671945,All just to stan that MAGA troll Kanye smh.
1517616819024113664,bushy2wavvey,Fri Apr 22 21:30:20 +0000 2022,-83.1738665,32.6782075,@Yakjtv @dpoytrae_ @icetraeforever3 @AIR305 Bro that was the watch party for game 2 Lmaoo
1517616820345356292,SAW_30,Fri Apr 22 21:30:20 +0000 2022,-87.67,41.87,"#ChiArtGotham#SAWiT @ West loop, chicago https://t.co/23VfodeI8R"
1517616820412248064,braindeaddogs,Fri Apr 22 21:30:20 +0000 2022,-111.8808735,33.282450499999996,what a fucking W
1517616820609593346,Jedi_Marcos,Fri Apr 22 21:30:20 +0000 2022,-87.732013,41.8335845,@DJ_Curt_Henny SHAQ laughing in the corner‚Ä¶. LMFAOOOOOOOOOO üòÇüòÇüòÇüòÇ
1517616820316000256,GabePadilla21,Fri Apr 22 21:30:20 +0000 2022,-96.57459349999999,39.209928500000004,#DayOfSilence at KState was a hit @GLSEN @GLSENKS https://t.co/xgsCQskuLM
1517616821041573889,GSUWTennis,Fri Apr 22 21:30:20 +0000 2022,-84.598784,33.39459,GSU will face UT Arlington for the SBC semifinals on Saturday at 2 p.m. ET #OurCity
1517616821788045313,TyraSharelle,Fri Apr 22 21:30:20 +0000 2022,-115.038337,36.006256,Healing is therapeutic feels good to let go! You breathe better
1517616823591522309,batchnotnormal,Fri Apr 22 21:30:21 +0000 2022,-118.304659,33.9238225,Blessed to rock with the best @HHOEverything üîå üëë
1517616822803070976,DiversityEWU,Fri Apr 22 21:30:21 +0000 2022,-120.882482,47.273022,What a beautiful spring day on Earth Day to wrap up a fantastic Diversity &amp; Inclusion Week 2022. It‚Äôs as if the tre‚Ä¶ https://t.co/4804Y2T5z9
1517616824317317121,ClaireMKopsky,Fri Apr 22 21:30:21 +0000 2022,-86.791549,36.200008,"@ElyseSchoenig Congratulations, gal! So proud of you!!"
1517616825474994178,GeekyB,Fri Apr 22 21:30:21 +0000 2022,-77.0143985,38.898602999999994,@weezymamat @eepdllc @XMANmcdaniel @NBA @TheGarden @nyknicks i dont wanna remember Charles Smith!he used to get hi‚Ä¶ https://t.co/OFzK4WDVxR
1517616825755971585,Jaimee1253,Fri Apr 22 21:30:21 +0000 2022,-97.3888,35.1412,"Getting ready for Bubbas play tonight ü§™ ‚ù§Ô∏è @ Noble, Oklahoma https://t.co/IQFzvT43F6"
1517616824724172804,Chris6d_,Fri Apr 22 21:30:21 +0000 2022,-75.117998,40.0048655,Philly üîîüî• https://t.co/UnCOFenKxM
1517616826833944576,daniesdiary,Fri Apr 22 21:30:22 +0000 2022,-79.267953,43.327593,videos like this really make me nervous for parenthood. bc not my babyüòë
1517616827404271619,sass3366,Fri Apr 22 21:30:22 +0000 2022,-95.44648649999999,29.838495,@chrislongview This is really different from Tucker Carlson promoting testicular tanning. https://t.co/R3vBEIsVEM
1517616828792590339,UrbnHandicapper,Fri Apr 22 21:30:22 +0000 2022,-81.068556,29.190223,@MoinTampa @OToole0423 @AHPDrew @1GR8FULGUY @Beathechalk Let‚Äôs go 1! https://t.co/g7ke7hdwcG
1517616830331985922,flemish_c,Fri Apr 22 21:30:22 +0000 2022,-97.32351750000001,30.1131965,@EmersenLee Sure ecofriendly tanks that will work. How about NOT starting wars. Thats good for the environment.
1517616833762889732,DJFreshGress,Fri Apr 22 21:30:23 +0000 2022,-75.117998,40.0048655,@joncoopertweets I can't remember! Of course she did
1517616833280593921,charles_leroy,Fri Apr 22 21:30:23 +0000 2022,-73.9685415,40.780709,@EmmaAbrahamson4 Time to inhale &amp; appreciate where you are. The run will be better when there is no reservation to‚Ä¶ https://t.co/6Uavcy7H92
1517616834001920006,thatwxtchbxtch,Fri Apr 22 21:30:23 +0000 2022,-72.615697,42.037608,scared
1517616834937241600,AnnetteQLoves,Fri Apr 22 21:30:24 +0000 2022,-80.087032,42.110703,@KatieButPriv *hug* please rest
1517616835092430848,_Zestyrats_,Fri Apr 22 21:30:24 +0000 2022,-75.58726200000001,40.252191499999995,"Wii bowling, specifically me not putting the strap around my arm and flinging the remote at the tv"
1517616837009100801,barbrady420,Fri Apr 22 21:30:24 +0000 2022,-105.5508905,38.997935999999996,@BianchiWeather Skies are pretty hazy now as well.
1517616837449506818,Kamalei_N_Leiai,Fri Apr 22 21:30:24 +0000 2022,-158.2126315,21.471005499999997,@FitandFunPlay @amazon @DonorsChoose Thank you! We have just 5 weeks left in the school year. We need drinks and sn‚Ä¶ https://t.co/aZ3hO8eVGu
1517616838041034758,Rsoaker27,Fri Apr 22 21:30:24 +0000 2022,-83.71224649999999,41.6930445,@Rayman1024u @Durrtydoesit @DoWhatYouDo6 @digitalfoundry Ouch that‚Äôs rough
1517616838049361920,Kc2Canada,Fri Apr 22 21:30:24 +0000 2022,-123.20155263,49.27557486,Happy Earth Day! üåàüåé @ Jericho Sailing Centre https://t.co/FV40oNdLnG
1517616839014195200,tkdylan,Fri Apr 22 21:30:25 +0000 2022,-73.9487755,40.655138,I don‚Äôt much care what Madison Cawthorn does on his own time so much as he‚Äôs a stupid tool who is an albatross for‚Ä¶ https://t.co/hv2F9qjyfA
1517616838779150336,deanna_thompson,Fri Apr 22 21:30:24 +0000 2022,-115.23443549999999,36.0188045,This session is going to beüî•üî• @CrimeCon I'm super excited about this one. @JohnGreen2011 and I will be there! https://t.co/u2HZTWddDT
1517616839584587776,RealMarkNew91,Fri Apr 22 21:30:25 +0000 2022,-93.389864,41.938228499999994,@ericswalwell AntiTrump
1517616839697649664,lisaellis,Fri Apr 22 21:30:25 +0000 2022,-77.3474839,38.1385069,#EarthDay #Coachella #Love #Light #Magic #Environment #Music üåéüåøüçÉüå±ü§ç‚òÄÔ∏èüé∂üéµ @ Coachella Music and Arts Festival https://t.co/0Kv6RxEgEQ
1517616839886610434,HunterAHomistek,Fri Apr 22 21:30:25 +0000 2022,-77.60468399999999,41.1179365,It‚Äôs just a stutter‚Ä¶
1517616840226312193,novacanegoddess,Fri Apr 22 21:30:25 +0000 2022,-84.433106,33.7671945,I‚Äôm so hungry üòµ‚Äçüí´
1517616840117153792,ItsTexasT03,Fri Apr 22 21:30:25 +0000 2022,-111.931711,34.1682535,@YIHBMerch That's it chief. Trust the process.
1517616841291673600,coachgeathers,Fri Apr 22 21:30:25 +0000 2022,-83.1738665,32.6782075,No pollen formed against me shall prosper
1517616841694363650,jus_rem,Fri Apr 22 21:30:25 +0000 2022,-83.804475,27.698681999999998,Nigga if u don‚Äôt getcho..!!!!!
1517616840670945282,JMichaelBrewer,Fri Apr 22 21:30:25 +0000 2022,-81.97649,33.47722,Gorgeous gothic architecture in Augusta #architecture https://t.co/CVYhrNX8Z7
1517616840847106052,MsBlevinsSKY,Fri Apr 22 21:30:25 +0000 2022,-87.5334065,33.1966005,EARTH DAY at SPARK 21st CCLC. üåé https://t.co/ztH0v8YeUA
1517616843485323264,nick_ponton,Fri Apr 22 21:30:26 +0000 2022,-85.6411415,42.9564115,@SethTVSports @wilxTV @HallidayMaureen @DarrinRockcole 27?  That‚Äôs it?
1517616843724189696,ChiefOfThaTribe,Fri Apr 22 21:30:26 +0000 2022,-122.2286855,37.791994,Now I gotta go to a Pusha T concert.
1517616844890427404,_Ice_Queen_001,Fri Apr 22 21:30:26 +0000 2022,-86.27053950000001,45.001180000000005,Tears of Ceaser ü•Çüçæ
1517616845989294082,TraceySchulz,Fri Apr 22 21:30:26 +0000 2022,-97.754724,30.323345500000002,So this happened‚Ä¶ And I got a chance to introduce @hwinkler4real Henry WinklerÔøºÔøº to Bill Hicks. #ThisWeekInComedy‚Ä¶ https://t.co/Sm0CM45OAw
1517616847692083200,_tdionne,Fri Apr 22 21:30:27 +0000 2022,-118.4119065,34.0207895,The ones that don‚Äôt get me not supposed to!
1517616847398522883,LondonKnights,Fri Apr 22 21:30:27 +0000 2022,-81.2487865,42.9488405,Mixing it up a bit for Game 2Ô∏è‚É£#LDNvsKIT | #HouseOfGreen https://t.co/VDFY4upS6k
1517616848744828928,Quiet_One_1,Fri Apr 22 21:30:27 +0000 2022,-122.4269055,47.0895845,@ScottBaio Looking at the shadow it is quite obvious that you have the basket by the handle.I'm so tired of you being picked apart.
1517616848057122816,DetroittoAccra,Fri Apr 22 21:30:27 +0000 2022,-83.099288,42.3527865,Congratulations to @ProfessorRED for receiving the Otis-Reider Gender Studies Scholarship this year!!! https://t.co/1H15gj7rMi
1517616849076297728,Cocoa61936982,Fri Apr 22 21:30:27 +0000 2022,-100.0768885,31.1688935,Do u no how too makes icey cream‚ùìü•∞ ‚Ñ¢Ô∏è https://t.co/s8tM7HgiWw
1517616849692897285,716Dominic,Fri Apr 22 21:30:27 +0000 2022,-78.6372695,42.910005,"Things could get dicey at the local pub later. Stand guard, I am thirsty!"
1517616850506506241,BostonNessa,Fri Apr 22 21:30:27 +0000 2022,-71.0899345,42.672666,Catch me at the bullpen on Yawkey at 7
1517616850183458816,KevinsKindaLame,Fri Apr 22 21:30:27 +0000 2022,-117.338217,34.171287,just how I like em.. https://t.co/HaRLZNv1Bj
1517616851320246272,moistcake666,Fri Apr 22 21:30:27 +0000 2022,-100.0768885,31.1688935,smoked some California bitch going 60 in the left lane on an 85mph highway
1517616852008067075,ShawnFinchum,Fri Apr 22 21:30:28 +0000 2022,-83.9638415,35.9824705,Look if you want to take shots at me on here that‚Äôs fine. But I‚Äôll be damned if I let some ventriloquist dummy lo‚Ä¶ https://t.co/zOtzluQnAr
1517616853400670213,jerm_cohen,Fri Apr 22 21:30:28 +0000 2022,-73.9487755,40.655138,@ShutterShams @DreamLab @jacobriglin Thanks!!! I‚Äôm stoked on it üåô
1517616852855402497,JiggsDixon,Fri Apr 22 21:30:28 +0000 2022,-71.0887125,42.3136695,Getting some informal PD hours in while I'm at #PAXEast @illgrillchill @HeyListenGames https://t.co/nyh7Ku4rMy
1517616854067523589,MONOCHROMELUVR,Fri Apr 22 21:30:28 +0000 2022,-73.9685415,40.780709,// im back hoes https://t.co/clXMjgmrGz
1517616855330041859,osamabinpopping,Fri Apr 22 21:30:28 +0000 2022,-95.44648649999999,29.838495,going through ya bitch phone but u the one cheating is insane
1517616856038793217,cenewman0,Fri Apr 22 21:30:29 +0000 2022,-92.0767015,32.521243,"Found out about the Senate Edu hearing that morning, rode my bike up the levee from campus. Living in BR was conven‚Ä¶ https://t.co/ZhcQ3wOIEq"
1517616859192901636,flashbgosh,Fri Apr 22 21:30:29 +0000 2022,-71.0887125,42.3136695,"@boketakunaiyo @Astroliner86 @ObamaFoundation @BarackObama @StanfordCyber Further, Russia's invasion was precipitat‚Ä¶ https://t.co/q5ALJpJek5"
1517616859918569473,therealaniyah1,Fri Apr 22 21:30:30 +0000 2022,-76.62048200000001,39.284712999999996,My ig got deleted for 24 hours I‚Äôm so mad üò≠üò≠üò≠
1517616860417699841,MarkEnglade,Fri Apr 22 21:30:30 +0000 2022,-89.21825100000001,43.088597,@GawdsGift2880 Duece McCallister
1517616861063438338,itsgraceholmes,Fri Apr 22 21:30:30 +0000 2022,-118.48042000000001,34.022688,@BulliesTattoos Well I‚Äôm giving rides so I have to make the customers feel special or I‚Äôd just get some basic car and save the money üòÇüòÇüòÇ
1517616861554388998,JohnaCrass,Fri Apr 22 21:30:30 +0000 2022,-83.9638415,35.9824705,@BigBoyVol @VolNavy720 Next time you‚Äôre this way you can come over and make us some ü§£ü§£
1517616860971167744,caseforinfinity,Fri Apr 22 21:30:30 +0000 2022,-117.380422,33.197506,met a dude who is obsessed with library cards. i showed him where the library is and he said he‚Äôs going all the way‚Ä¶ https://t.co/k1w5RE7g8S
1517616861986365445,KixLec,Fri Apr 22 21:30:30 +0000 2022,-96.85068,32.58863,Just posted a photo @ Grow DeSoto Market Place https://t.co/YQ109Veh7E
1517616862170804224,jakethastallion,Fri Apr 22 21:30:30 +0000 2022,-118.4119065,34.0207895,hilarious that republicans pretend to be fighting anti-semitism when really they just like Israel‚Äôs strategic spot‚Ä¶ https://t.co/aUXEL6FKt6
1517616864725282817,heyiamparker,Fri Apr 22 21:30:31 +0000 2022,-100.0768885,31.1688935,@wyattahh you don't even have one
1517616863924076546,alexinflorida2,Fri Apr 22 21:30:30 +0000 2022,-81.3677725,28.501678499999997,Coco is like stop been a sl?@ üòÇ https://t.co/pG0DYuhCW7
1517616865266208768,TexasisMatt,Fri Apr 22 21:30:31 +0000 2022,-104.7757665,38.7415865,Where to go dancing tonight in Colorado ü§î
1517616865241096192,ECE_Cheer,Fri Apr 22 21:30:31 +0000 2022,-83.804475,27.698681999999998,CONGRATS to our amazing JWow Athletes ü§©üëâ Laney üëâ Camüëâ Lexiüëâ Ayla We are so proud of you! üíô
1517616865027268609,JoeMurgo,Fri Apr 22 21:30:31 +0000 2022,-77.856244,40.812049,@AndrewClayTV @anderleytv and I had a blast talking to @LaVarArrington https://t.co/X81ZeyQ2Xz
1517616866189000711,closednlocked,Fri Apr 22 21:30:31 +0000 2022,-89.9692,38.7598,"Just posted a photo @ Glen Carbon, Illinois https://t.co/LJ5EZDKKQk"
1517616866772017157,YesSirJames,Fri Apr 22 21:30:31 +0000 2022,-84.433106,33.7671945,@TheSydneyA LOLOLOLOLOLOLOLOLOL she is hilarious
1517616866843414528,TommyDara6,Fri Apr 22 21:30:31 +0000 2022,-75.3405695,39.7310975,@gehrig38 @CNBC Many I've in an alternative reality
1517616866738409472,Biomonde,Fri Apr 22 21:30:31 +0000 2022,-73.95,40.65,"Says make everyday Earth Day. We can all contribute to a greener, cleaner world by making small changes toward sust‚Ä¶ https://t.co/EzIaA8DtX6"
1517616867246055425,_jvm2222jtk,Fri Apr 22 21:30:31 +0000 2022,-80.1491725,26.150368,"@NikaMelkozerova My Ukrainian brethren we support you, stay strong. Being a US GI myself, I'm curious the artillery‚Ä¶ https://t.co/wr0BserHZZ"
1517616868315435009,infidollity,Fri Apr 22 21:30:32 +0000 2022,-118.4119065,34.0207895,sexy little things brand representative
1517616868562903040,ThugginC,Fri Apr 22 21:30:32 +0000 2022,-116.27816150000001,33.668045500000005,Anyone selling a Weeknd 2 @coachella pass?
1517616869213040640,MarkoSauce,Fri Apr 22 21:30:32 +0000 2022,-119.4458985,36.596937,My phone is so dry I started texting the scammer‚Äôs phone numbers.
1517616868378484736,Medina__Man__,Fri Apr 22 21:30:32 +0000 2022,-71.68979949999999,43.7675925,Gonna go animal style during bingo! https://t.co/InTtParY4B
1517616869720698881,brookerturner73,Fri Apr 22 21:30:32 +0000 2022,-87.893924,42.036141,@surfergirlmeli Those I get.  That's why I never would put that for my user name
1517616870643412994,Ohh_Danny_Boy,Fri Apr 22 21:30:32 +0000 2022,-75.117998,40.0048655,not worried about Joel‚Äôs thumb. He‚Äôll play through it and be fine. Rest of you are cowards.
1517616870731522048,Eric_Peterson_,Fri Apr 22 21:30:32 +0000 2022,-96.6965625,40.803235,@TulaneShop You buying drinks on the 19th hole?!
1517616870790213634,JulieSchultz79,Fri Apr 22 21:30:32 +0000 2022,-71.153,42.38111,Late Friday afternoon round of 9 holes @freshpondgolfcourse #golf #springofgolf #freshpond #friday @ Fresh Pond Gol‚Ä¶ https://t.co/uQ274xIT3L
1517616871306059777,TxxRedd,Fri Apr 22 21:30:32 +0000 2022,-95.44648649999999,29.838495,@thesavagempress @renee_libra7 Well I hope u enjoyed ya lurnch https://t.co/bC6aFivpQx
1517616870282641410,mccabeio,Fri Apr 22 21:30:32 +0000 2022,-85.9500505,39.963761000000005,Snowed on Monday. Getting in the pool on Friday #crazyweather https://t.co/boxyWdlzYo
1517616874304983042,mexikunt,Fri Apr 22 21:30:33 +0000 2022,-98.5406515,29.417501,Im not having a good time + finding it super hard to stay positive
1517616874799869952,carriep76,Fri Apr 22 21:30:33 +0000 2022,-118.1567105,33.809171500000005,@sweeytee8 @LongBeachCity Yes  ma‚Äôam it was soooo god and the üå∂ is real spicy.
1517616873973637125,thechub_b_w,Fri Apr 22 21:30:33 +0000 2022,-84.470729,33.8614025,I‚Äôm tired not knowing basic things https://t.co/wqsUJ1Usj7
1517616876121210880,kenzybear88,Fri Apr 22 21:30:33 +0000 2022,-104.92209349999999,39.713563,@MrMartianDesign always crushing the setups ü•≥
1517616876913758208,tmj_vap_finance,Fri Apr 22 21:30:34 +0000 2022,-76.4158129,36.8396037,"Want to work at Chartway? We're hiring in #Chesapeake, VA! Click the link in our bio for details on this job and mo‚Ä¶ https://t.co/NkdfKoogzX"
1517616877656330244,Youngkookieman,Fri Apr 22 21:30:34 +0000 2022,-85.9586865,41.679998499999996,These niggas having a party with banda  because their dude die and that dudes mom mourning on the side while these‚Ä¶ https://t.co/rD3JUGvzVX
1517616878591610882,alpal27,Fri Apr 22 21:30:34 +0000 2022,-87.732013,41.8335845,Is this Cubs game rescheduled yet? I'm too sleepy for this
1517616878012706816,tmj_tul_util,Fri Apr 22 21:30:34 +0000 2022,-95.7826597,36.1129513,"If jobs with titles like ""Route Service Sales Representative (4-Day Workweek)"" sound appealing to you, follow us to‚Ä¶ https://t.co/H9kS9TruEP"
1517616878931296256,KluthCluverie,Fri Apr 22 21:30:34 +0000 2022,-90.1786295,30.001244,"NEW ORLEANS IN OCTOBER: Pelicans tickets are *so* cheap! My word, what a laughingstock ‚Äî I‚Äôll never attend. NEW O‚Ä¶ https://t.co/GvNyv4qxOY"
1517616879208083456,tmj_roc_nursing,Fri Apr 22 21:30:34 +0000 2022,-77.4299939,43.2122851,"Want to work at Fresenius Medical Care? We're hiring in #Webster, NY! Click the link in our bio for details on this‚Ä¶ https://t.co/LokJEYiR0n"
1517616879258390528,CareersAtNS,Fri Apr 22 21:30:34 +0000 2022,-80.9097127,35.212973,"We're hiring! Read about our latest job opening here: Roadway Equipment Mechanic-Engineering Charlotte, NC -‚Ä¶ https://t.co/pmhlLKVCQk"
1517616878939742208,miketheidealist,Fri Apr 22 21:30:34 +0000 2022,-77.0143985,38.898602999999994,DC police continue to evacuate the AVA building in Van Ness off of Connecticut Ave. @PoPville #WashingtonDC https://t.co/0uD2YGRCxZ
1517616881250623489,CareersAtNS,Fri Apr 22 21:30:35 +0000 2022,-80.9539475,35.1290557,"Want to work at Norfolk Southern? We're hiring in #Charlotte, NC! Click for details: https://t.co/W1CXK2ELU2 #Engineering"
1517616881619845120,fmsiad,Fri Apr 22 21:30:35 +0000 2022,-79.2725695,43.629311,@doreen_rabi I admire your vulnerability Doreen and thank you for sharing ‚ù§Ô∏è
1517616881846292480,CareersAtNS,Fri Apr 22 21:30:35 +0000 2022,-81.5365094,41.3931096,"Interested in a job in #Bedford, OH? This could be a great fit: https://t.co/IqyUlAIoW2 #Transportation"
1517616881938567169,CareersAtNS,Fri Apr 22 21:30:35 +0000 2022,-86.6711817,33.5394261,"Join the Norfolk Southern team! See our latest job opening here: https://t.co/At0vsU3wM1 #Engineering #Birmingham, AL"
1517616882882596864,SJoflaherty,Fri Apr 22 21:30:35 +0000 2022,-122.31182100000001,48.41812,"@blairsocci Lol I had a friend that compulsively winked and she turned me into one for awhile, I had no control of‚Ä¶ https://t.co/EzxIKUHUn9"
1517616883062743040,pericopapiii,Fri Apr 22 21:30:35 +0000 2022,-95.44648649999999,29.838495,LMFAOOOOOOOOOOOOOOOO
1517616883641552896,Denfour66,Fri Apr 22 21:30:35 +0000 2022,-79.861034,35.1704985,@cauller_e The tension is almost palatable.
1517616884564303872,FinessedBuckets,Fri Apr 22 21:30:35 +0000 2022,-77.0143985,38.898602999999994,A week into the playoffs and injuries are the MVP so far. The NBA really need to cut the regular season by about 10-12 games.
1517616884820054016,gaby_goldberg,Fri Apr 22 21:30:35 +0000 2022,-119.82869550000001,34.439463,Update: this is a recent duet and it‚Äôs SO GOOD https://t.co/ihAcgPK185
1517616883989499904,JenC_P,Fri Apr 22 21:30:35 +0000 2022,-104.92209349999999,39.713563,My nature-loving 7yo organized a climate march at his school and gave the closing speech! This almost makes you for‚Ä¶ https://t.co/gU7j98D5PU
1517616887437398016,heidi_seidr,Fri Apr 22 21:30:36 +0000 2022,-92.13127399999999,34.7519365,@ToweC @slidingblade Nice!!
1517616888242524160,BrianUnbothered,Fri Apr 22 21:30:36 +0000 2022,-117.434547,47.667438,@SeaTownFan31 @ShortstackedM Haha possibly
1517616889517670400,Bearthinks,Fri Apr 22 21:30:37 +0000 2022,-122.6356725,45.415885,"@0wlflame @ConsPostingLs i shit in the woods like a good, republican furry"
1517616890683613186,mitskiometry,Fri Apr 22 21:30:37 +0000 2022,-122.17022650000001,37.425035,@keithanducre @boogerncheese you're sick.
1517616890981629952,emmaleluskk,Fri Apr 22 21:30:37 +0000 2022,-97.760572,32.449587,The traffic in my hometown has no business being this bad
1517616892864774145,MATTaphor1,Fri Apr 22 21:30:37 +0000 2022,-95.6907325,39.037579,"@manspeaker It's been a good run. I thought I played it smart, not having kids to worry about in this uncertain wor‚Ä¶ https://t.co/KO33vMhULa"
1517616892848058368,ROBERTSILVA5768,Fri Apr 22 21:30:37 +0000 2022,-73.9685415,40.780709,It was meant to Happen.
1517616893506555904,Overcz1122,Fri Apr 22 21:30:38 +0000 2022,-68.425948,53.8602895,If only they knew what is at stake #ÿßŸÖŸæŸàÿ±Ÿπ⁄à_ÿ≠⁄©ŸàŸÖÿ™_ŸÜÿßŸÖŸÜÿ∏Ÿàÿ±
1517616894945210368,Ant_Smith86,Fri Apr 22 21:30:38 +0000 2022,-96.961483,32.863917,"Time to take a break from all of this now! We have a time line. Unless something earth shattering happens,  we can‚Ä¶ https://t.co/Ko7DLq1YTf"
1517616895108726784,Matt_The_Stud,Fri Apr 22 21:30:38 +0000 2022,-84.56261549999999,39.010486,Sheesh. Took 5 guesses off their roster Poeltl 57 - 8/8 ‚¨õ‚¨õüü©‚¨õ‚¨õ‚¨õüü®‚¨õ‚¨õ‚¨õüü©‚¨õ‚¨õ‚¨õüü®‚¨õ‚¨õüü©üü©üü©üü©üü®üü©‚¨õ‚¨õüü©üü©üü©‚¨õ‚¨õüü®‚¨õ‚¨õüü©üü©üü©‚¨õüü®üü©‚¨õ‚¨õüü©üü©üü©üü©‚¨õüü®üü®‚¨õüü©üü©üü©üü©‚¨õüü©‚¨õüü©üü©üü©üü©üü©üü©üü©üü©
1517616895671021568,InformedSaitama,Fri Apr 22 21:30:38 +0000 2022,-80.2497725,26.270260999999998,@cryptojourneyrs Go ahead and keep the üçÜ in ur mouth
1517616893531541505,BikePortland,Fri Apr 22 21:30:38 +0000 2022,-122.630908,45.536402,Here‚Äôs the full video featuring #Portland #bikebus advocate and PE teacher @CoachBalto https://t.co/C9QCcUxVa5
1517616896664821760,BJSmithArt,Fri Apr 22 21:30:38 +0000 2022,-77.4032335,35.534448,@flyingpangolins GM!Asking to see faces = portrait artist anxiety üòÜ Too many options https://t.co/0AFIVwfY8X
1517616897436438528,NickInVancity,Fri Apr 22 21:30:38 +0000 2022,-123.070225,49.3156065,What‚Äôs the best stroller friendly walk in the lower mainland? ü§î
1517616897860448258,Freedomluvin110,Fri Apr 22 21:30:39 +0000 2022,-74.4647285,44.233024,Trump 2024
1517616896606187532,EvanWheaton,Fri Apr 22 21:30:38 +0000 2022,-76.919866,41.249412,END 3 | Another hitless frame highlighted by one hell of a catch by shortstop Braylen Corter.Three straight 1-2-3‚Ä¶ https://t.co/X2ary5dNP9
1517616899458224128,MizJayPetty,Fri Apr 22 21:30:39 +0000 2022,-87.732013,41.8335845,Honestly my otp at the moment ü•∫üëèüèæüëèüèæ
1517616900620046337,SusanKilleen4,Fri Apr 22 21:30:39 +0000 2022,-82.170186,27.069032999999997,"I just wanted to share a picture of an park, in Ashland Oregon.  I saw names and dates on each shirt, designating t‚Ä¶ https://t.co/sZqx8rZbG0"
1517616902130089990,buzzzbea,Fri Apr 22 21:30:40 +0000 2022,-73.21958599999999,40.8605075,@nathaliejacoby1 Absolutely.
1517616903505723392,GunnyVII,Fri Apr 22 21:30:40 +0000 2022,-96.053431,41.275721000000004,Is it a beautiful 83¬∞ spring day? Yes. Yes it is. Is the wind blowing at Mach 1 again? Yes. Yes it is‚Ä¶ #windy‚Ä¶ https://t.co/L9HGszwPgl
1517616905141600256,GavicWayne,Fri Apr 22 21:30:40 +0000 2022,-93.38556399999999,45.0365275,Haven't had cornbread muffins in ages.üë®‚Äçüç≥ https://t.co/eHNs1Sy2T3
1517616906617901056,ccbolles,Fri Apr 22 21:30:41 +0000 2022,-84.266174,30.476215500000002,That NEVER HAPPENS!   Long distant world for the win!  Wordle 307 4/6‚¨ú‚¨ú‚¨ú‚¨úüü©‚¨ú‚¨úüü©‚¨ú‚¨úüü©üü©‚¨úüü©‚¨úüü©üü©üü©üü©üü©
1517616906987057157,_queenTLashan,Fri Apr 22 21:30:41 +0000 2022,-76.593943,24.074967,"Just blessingssss. One thing bout the Knowles, God TRIP over us üëèüèΩ‚ù§Ô∏èüôèüèΩ"
1517616906680819712,Konawasown,Fri Apr 22 21:30:41 +0000 2022,-97.508828,35.463842,Finally getting to tune into a game https://t.co/mUN0XxLGz4
1517616907410558977,barbarajill,Fri Apr 22 21:30:41 +0000 2022,-118.262468,34.046314,What‚Äôs happening?  Friday @thecapitalgrill for one. https://t.co/j5k1cJ5DJc
1517616908190711808,illiotti,Fri Apr 22 21:30:41 +0000 2022,-73.8311875,40.6708795,@HipHopAllDayy &amp; that Lst other Other #retweet
1517616908132003841,y6neth,Fri Apr 22 21:30:41 +0000 2022,-116.236819,33.678984,waiting 4 @Harry_Styles https://t.co/tSWycLheqi
1517616909147119617,SherryLeigh5,Fri Apr 22 21:30:41 +0000 2022,-90.4505175,38.5104895,@srl It never should've happened in the first place.
1517616909075849217,donniew031971,Fri Apr 22 21:30:41 +0000 2022,-96.7349005,33.061242500000006,Jacob just said he is not baptized but he would do it for miranda Jacob your satan the devil you ask other day for‚Ä¶ https://t.co/uSOBemnEr3
1517616909365174272,tcartt_,Fri Apr 22 21:30:41 +0000 2022,-82.095304,33.526322,@beemgreem *stuffs mustards up circle k hotdogs into my pockets* yeah who would eat those SMH üò§
1517616910040322048,ZekeGary2,Fri Apr 22 21:30:41 +0000 2022,-120.882482,47.273022,@ChristmasJo007 Stopped watching Nov. 4th 2020.
1517616910669594629,BasementTrix,Fri Apr 22 21:30:42 +0000 2022,-86.791549,36.200008,@MJMcKean Did you let the magic smoke out?
1517616911319773186,ppladow,Fri Apr 22 21:30:42 +0000 2022,-83.804475,27.698681999999998,@Bbonjour17 Ouch
1517616911797952517,chef___DU,Fri Apr 22 21:30:42 +0000 2022,-104.92209349999999,39.713563,"I‚Äôve had so much , I know exactly what I want and need"
1517616911676317698,GeorgiadesLive,Fri Apr 22 21:30:42 +0000 2022,-83.804475,27.698681999999998,"What the fuck is he talking about. Spring, windshield wipers, oil slick, asthma??? 80 percent of his generation hav‚Ä¶ https://t.co/7uEZcEasA0"
1517616914909974528,calamitythewiz,Fri Apr 22 21:30:43 +0000 2022,-166.5996925,23.6913645,Me enjoying my lunch: Mynah: psst can I have some if you don‚Äôt I‚Äôll just take it off your hands https://t.co/8qrA59Wu9v
1517616915711246340,andrew_kalman,Fri Apr 22 21:30:43 +0000 2022,-98.716992,35.3090465,@Schoonerokc @PedroYokes @bkou_1 @JBrownMaven Are you stupid? You can look through my profile and see who I‚Äôm a fan of.
1517616914872348678,IcahnStadiumNYC,Fri Apr 22 21:30:43 +0000 2022,-73.9685415,40.780709,Our Girls 3k Champion! https://t.co/jZNzePyMyR
1517616916294213633,lifelongdev,Fri Apr 22 21:30:43 +0000 2022,-81.3677725,28.501678499999997,Why is it that I remember to download shows for a flight while on the plane?
1517616916445089792,RalstonAlec,Fri Apr 22 21:30:43 +0000 2022,-75.77004099999999,42.746617,@BoFlows @ramonashelburne @wojespn Like don‚Äôt say it‚Äôs karma or nun like that.
1517616916717879301,NASCAR_BRETT,Fri Apr 22 21:30:43 +0000 2022,-94.2706225,37.4984865,NXS qualifying underway. Catch it live on FS1 #NASCAR
1517616916994543616,AgustC93,Fri Apr 22 21:30:43 +0000 2022,-111.54702900000001,39.499762000000004,@omaima20182993 @Lisadollysmom Lol probably
1517616917028261888,TotalTrafficDFW,Fri Apr 22 21:30:43 +0000 2022,-96.81761,32.81426,Accident in #Dallas on Dallas North Tollway SB at Wycliff Ave #DFWTraffic https://t.co/4NzBppXRvr
1517616917128830981,floridaparkvibe,Fri Apr 22 21:30:43 +0000 2022,-80.12152900000001,26.8408065,@howloscreamorl I do now üëÄ
1517616917044994049,TotalTrafficCLE,Fri Apr 22 21:30:43 +0000 2022,-81.65162,41.48796,Accident in #Cuyahoga on E 55th St at Woodland Ave #traffic https://t.co/IXfI2jHBEJ
1517616917032443907,totaltrafficclt,Fri Apr 22 21:30:43 +0000 2022,-80.85147,35.27164,DISABLED VEHICLE in #Charlotte on I-85 SB to I-77 ( Exit 38 ) #traffic https://t.co/FWT2jwReVT
1517616917032415239,TotalTrafficDC,Fri Apr 22 21:30:43 +0000 2022,-76.98029,39.01965,"Accident in #Hillandale on The Beltway Inner Loop at New Hampshire Ave [Exit 28], stopped or extremely slow back to‚Ä¶ https://t.co/624d5jCpyF"
1517616916206080003,demahaswon,Fri Apr 22 21:30:43 +0000 2022,-84.53981250000001,39.137038000000004,#3 for olivia ü´∂üèΩ https://t.co/B90nQYfKdE
1517616917233774595,TotalTrafficCHA,Fri Apr 22 21:30:43 +0000 2022,-85.28368,35.01737,Stall. Left shoulder blocked in #Chattanooga on I-24 WB at Fourth Ave/Exit 181. Reported by Cameras #traffic https://t.co/vROF4zhdQQ
1517616917543985153,TotalTrafficHOU,Fri Apr 22 21:30:43 +0000 2022,-95.3709,29.88981,Accident cleared in #NorthSide on The Hardy Tollroad Frontage Road SB after Gulf Bank Rd #traffic https://t.co/vuUN2ymKeH
1517616917409939458,TotalTrafficOKC,Fri Apr 22 21:30:43 +0000 2022,-97.47672,35.47852,Accident in #NEOKC on NE 10th St EB at N Martin Luther King Ave #OKCtraffic https://t.co/5PW2Tg7Vzy
1517616917485432832,TotalTrafficCMH,Fri Apr 22 21:30:43 +0000 2022,-82.98259,39.95851,"Accident. Left lane blocked in #Franklin on I-71 (Northside) SB at I-70, stop and go traffic back to 11th Ave. Repo‚Ä¶ https://t.co/Uu2nUbinCx"
1517616917435064320,TotalTrafficATL,Fri Apr 22 21:30:43 +0000 2022,-84.53735,33.97992,Incident cleared in #Marietta on I 75 NB between Canton Rd Conn (GA-5)/Exit 267 and I-575/Exit 268. Reported by GDO‚Ä¶ https://t.co/ygNCV5wFfA
1517616917103714305,phillypaws,Fri Apr 22 21:30:43 +0000 2022,-75.117998,40.0048655,"I love getting outside, but life is all about balance. That‚Äôs why I recommend at least 6 hours of couch lounging‚Ä¶ https://t.co/kI63JRuKvb"
1517616918840037376,JohnA_USMCvet,Fri Apr 22 21:30:44 +0000 2022,-120.47181,37.316222499999995,@nathaliejacoby1 Slimypieceoffuckingshit.
1517616918038994944,KateMarieGraham,Fri Apr 22 21:30:43 +0000 2022,-81.2487865,42.9488405,Welcoming my daughter into our new #ldnont North Centre campaign office. Hope she will be proud of her mama. ‚ù§Ô∏è‚Ä¶ https://t.co/PotbwvPRWr
1517616919293136900,sixfootfiveguy,Fri Apr 22 21:30:44 +0000 2022,-87.732013,41.8335845,@FlatFalse Gregg always does good work.
1517616919293030400,tmj_mt_nursing,Fri Apr 22 21:30:44 +0000 2022,-108.5006904,45.7832856,"See our latest Billings, MT #Nursing #RN job opportunity and click the link in our bio to apply: RN -HOSPITAL NURSI‚Ä¶ https://t.co/0IUNWpB9q2"
1517616919733493762,TotalTrafficCLE,Fri Apr 22 21:30:44 +0000 2022,-81.50035,41.06236,Accident in #UniversityPark on Inman St at Lumiere Street #traffic https://t.co/IXfI2jHBEJ
1517616919733542912,TotalTrafficDFW,Fri Apr 22 21:30:44 +0000 2022,-96.81711,32.81835,"Accident. Right lane blocked in #Dallas on Dallas North Tollway SB at Lemmon Ave, stopped traffic back to Walnut Hl‚Ä¶ https://t.co/ctWFqPe8BU"
1517616919838404611,totaltrafficclt,Fri Apr 22 21:30:44 +0000 2022,-80.73957,35.16259,ACCIDENT in #Charlotte on Independence Blvd (US 74) Inbound at Village Lk Drive #traffic https://t.co/FWT2jwReVT
1517616919733547013,TotalTrafficPHL,Fri Apr 22 21:30:44 +0000 2022,-75.36504,40.08366,Closed due to road construction in #KingofPrussia on Church Rd EB/WB between BRADENBURG WAY and S Henderson Rd‚Ä¶ https://t.co/suwiwN7Q6L
1517616919809036288,TotalTrafficHOU,Fri Apr 22 21:30:44 +0000 2022,-95.43625,29.81104,Stop and go traffic in #NorthSide on I-610 North Loop EB between T.C. Jester and N. Main #traffic https://t.co/vuUN2yElDh
1517616919465050112,KingSherllyne,Fri Apr 22 21:30:44 +0000 2022,-79.9135205,43.2606955,If anyone from Hamilton is going to this event and are able to provide a ride to others from Hamilton that would be‚Ä¶ https://t.co/n5FhIjMbrK
1517616919767130113,TytyPlayzz,Fri Apr 22 21:30:44 +0000 2022,-79.5657915,43.837104499999995,@gabeolivero no sir. it sits nicely on my desk https://t.co/bgfmPkZduJ
1517616921251704833,CailinasEirinn,Fri Apr 22 21:30:44 +0000 2022,-123.93499800000001,49.1745345,"@LeelaAheer Oh, come on now. You‚Äôve known this all along. You voted with your party every time. Cross the floor,‚Ä¶ https://t.co/ydgBOo7SpI"
1517616921893605378,totaltrafficclt,Fri Apr 22 21:30:44 +0000 2022,-80.89929,35.14532,ACCIDENT in #CHARLOTTE on I-77 NB at Nations Frd Rd. (Exit 4) #traffic https://t.co/FWT2jwReVT
1517616922111717379,MichaelBruner,Fri Apr 22 21:30:44 +0000 2022,-81.921456,41.490977,@DanTypo Why not climate friendly nukes?
1517616922560397314,MarketSourceJob,Fri Apr 22 21:30:44 +0000 2022,-81.5484578,39.3270191,"Are you competitive, action oriented and results driven? Join a team where giving your all is non-negotiable‚Äîapply‚Ä¶ https://t.co/0WwsSMDWfs"
1517616923374018560,tmj_hsv_transp,Fri Apr 22 21:30:45 +0000 2022,-87.0424393,34.627813,"Want to work in #Decatur, AL? View our latest opening: https://t.co/tKjq7msJrU #Transportation"
1517616923571277825,mattgornicz_,Fri Apr 22 21:30:45 +0000 2022,-77.60468399999999,41.1179365,@POTUS Gas is still 4.50 üò¢
1517616923936268288,TotalTrafficHOU,Fri Apr 22 21:30:45 +0000 2022,-95.42233,29.77728,Stop and go traffic in #WestSide on I-10 Katy Fwy EB between T.C. Jester and I-45 North Fwy #traffic https://t.co/vuUN2yElDh
1517616923927793667,TotalTrafficDFW,Fri Apr 22 21:30:45 +0000 2022,-96.77017,32.85995,"Accident cleared in #Dallas on 75 SB after Northwest Hwy, stop and go traffic back to Royal Ln. Reported by TXDOT‚Ä¶ https://t.co/JM1NrsGEq9"
1517616924087271425,NWJS_jobs,Fri Apr 22 21:30:45 +0000 2022,-81.80182,41.434425,"Can you recommend anyone for this job? Pathways Instructor https://t.co/Igr5UKwmVj Cleveland, OH"
1517616925349920768,2_words_1finger,Fri Apr 22 21:30:45 +0000 2022,-95.44648649999999,29.838495,Lmfaoooo he not gay no more he delivert
1517616924359856130,OrdnanceLab,Fri Apr 22 21:30:45 +0000 2022,-100.0768885,31.1688935,"For some reason on this #FirearmsFriday, Buddy wasn‚Äôt that interested in this early model #GlockFowty.#Cats‚Ä¶ https://t.co/G1KovPwjLB"
1517616926016647168,TotalTrafficHOU,Fri Apr 22 21:30:45 +0000 2022,-95.41865,29.73045,Stop and go traffic in #WestSide on I-69 Southwest Fwy NB between Kirby Drive and I-45 Gulf Fwy #traffic https://t.co/vuUN2yElDh
1517616926012366850,TotalTrafficDFW,Fri Apr 22 21:30:45 +0000 2022,-96.91727,32.96464,"Disabled vehicle. Left lane blocked in #Carrollton on I-35E NB at Sandy Lk Rd, stop and go traffic back to Valley V‚Ä¶ https://t.co/rApdDEd5sK"
1517616926146580480,DoodyGiuliani1,Fri Apr 22 21:30:45 +0000 2022,-88.078012,42.4594235,@gtconway3d Somebody should push him instead...
1517616926226358275,HugoThePinkCat,Fri Apr 22 21:30:45 +0000 2022,-73.723025,45.557830499999994,@megablandfox I know.Some people can't help but be gigantic Wizard Lady bootlickers
1517616925697880066,AnnaDsays,Fri Apr 22 21:30:45 +0000 2022,-97.754724,30.323345500000002,"So, you might remember that earlier this week I said that my parents got new iPhones because my dad threw his away.‚Ä¶ https://t.co/HsxEEOdZNp"
1517616926826151939,NWJS_jobs,Fri Apr 22 21:30:45 +0000 2022,-122.553975,45.543396,"Want to work at MESD Outdoor School? We're hiring in Portland, OR! Details: https://t.co/scCW3P4Vi0 Cookjobs"
1517616927744614402,coolcontrol_,Fri Apr 22 21:30:46 +0000 2022,-97.754724,30.323345500000002,"I LOVE BLACK WOMEN. I AM A BLAVK WOMAN, I RAISED BY A BLACK WOMAN and I MARRIED A BLACK WOMAN."
1517616927828496385,DerozanFan10,Fri Apr 22 21:30:46 +0000 2022,-79.616073,43.555244,@kjr_118 @judy_jedwards51 @GameInjuryDoc @ShamsCharania @TheAthletic @Stadium Game 3 after a throwdown
1517616928088596480,TotalTrafficHOU,Fri Apr 22 21:30:46 +0000 2022,-95.35087,29.75901,Stop and go traffic in #Downtown on I-69 Eastex Fwy SB between The George R Brown and Downtown Split #traffic https://t.co/vuUN2yElDh
1517616928378040321,jjeennaaeeee,Fri Apr 22 21:30:46 +0000 2022,-100.0768885,31.1688935,tryna find a hairstyle or color I didn‚Äôt do b driving me üòµ‚Äçüí´üòµ‚Äçüí´üòµ‚Äçüí´
1517616928755441667,tx_alita,Fri Apr 22 21:30:46 +0000 2022,-96.7617535,32.819858499999995,@Asap_DeeDee She not lying ü§™üòÇ
1517616929779126273,NWJS_jobs,Fri Apr 22 21:30:46 +0000 2022,-119.179607,34.214999,"Check out the latest opening https://t.co/bm9u6KW17W at The Port Of Hueneme Oxnard Harbor District in Oxnard, CA. Adminjobs"
1517616929959206915,Cam_Cheetah,Fri Apr 22 21:30:46 +0000 2022,-75.3146895,40.0238885,The clout chasing is making people psychotic
1517616930047545344,JoeyShacklef0rd,Fri Apr 22 21:30:46 +0000 2022,-80.087032,42.110703,"@truther_dare If he's the GOP nominee in 24, absolutely"
1517616930345082881,tkulig,Fri Apr 22 21:30:46 +0000 2022,-85.7682405,37.822244,@GOPLeader Just yesterday you claimed that you didn't say the words in that book. Clearly the audio shows that you‚Ä¶ https://t.co/v8YhkJSlLy
1517616930743590914,LukeCreasy,Fri Apr 22 21:30:46 +0000 2022,-80.18183450000001,38.9201425,@c_schmidt1121 You should be!
1517616930756210694,AlizayAngelxxx,Fri Apr 22 21:30:46 +0000 2022,-97.552161,35.4828435,@NLFloyd Of course
1517616930676486144,mayhewwine,Fri Apr 22 21:30:46 +0000 2022,-71.05034,42.349951,Go support our friend @TheTapeArtist https://t.co/klreIhd3kv
1517616932056272896,DrJorts,Fri Apr 22 21:30:47 +0000 2022,-122.4359785,37.7706565,@andyyang @mikeshothoney Upgrade https://t.co/pKWpvLRivF
1517616932526170113,NWJS_jobs,Fri Apr 22 21:30:47 +0000 2022,-77.752975,39.789267,"We're hiring! See our latest job opening: Gas Technician II https://t.co/IcGyne5J5q Greencastle, PA"
1517616934124093440,jhamby,Fri Apr 22 21:30:47 +0000 2022,-118.4119065,34.0207895,"Their middleware, like CICS, allows you to write modules in most of those languages (maybe not Fortran?). Beyond th‚Ä¶ https://t.co/QkTViJYy8x"
1517616934124232709,KidQupid999,Fri Apr 22 21:30:47 +0000 2022,-74.280358,40.6098335,@RodneyIsSenpai looks like a Job for Bando
1517616935323717634,NWJS_jobs,Fri Apr 22 21:30:47 +0000 2022,-84.467883,37.963113,"We're hiring! See our latest job opening: Accounting Clerk https://t.co/G5d1kZLLdt Lexington , KY"
1517616936254787585,TonyAsar909,Fri Apr 22 21:30:48 +0000 2022,-117.772917,34.0654505,Speaking on the intricacies of Toonami &amp; everyday black life‚Ä¢‚Ä¢‚Ä¢Oh &amp; dick jokes https://t.co/ZTimdpEKLx
1517616937399767041,Madsonovich,Fri Apr 22 21:30:48 +0000 2022,-118.4119065,34.0207895,@justjdepp Truth endures. #JusticeForJohnnyDepp
1517616937995493380,NWJS_jobs,Fri Apr 22 21:30:48 +0000 2022,-80.741193,35.320146,"Interested in a Distribution Logistics Lead Assistant job in Charlotte, NC? https://t.co/EjI0muVQTq This could be a great fit."
1517616938486308864,MichaelHirnPBP,Fri Apr 22 21:30:48 +0000 2022,-83.6339035,41.0550135,Kalida takes a 3-0 lead in top of 1st with a 2 out rbi single by Grant Vorst
1517616938477928448,Rich2nice176,Fri Apr 22 21:30:48 +0000 2022,-75.4839355,40.591825,@JoelOsteen Amen
1517616938331127809,nswans8,Fri Apr 22 21:30:48 +0000 2022,-80.156826,26.1799205,@Catpocalypse187 @MichaelWynne44 @CtrlDub @AdamSchefter You mention in other tweets that Edelman and gronk were on‚Ä¶ https://t.co/z4eh1mTdVm
1517616939895558145,HerniquaWare26,Fri Apr 22 21:30:49 +0000 2022,-95.44648649999999,29.838495,Cause they‚Äôve been asking they‚Äôve searching they be been wondering why
